Année,Coût à amortir,Gain,Delta,ROI
1,531996,400000,-131996,-0.32999
2,131996,500000,368004,0.736008
3,0,500000,500000,1
4,0,500000,500000,1
5,0,500000,500000,1